,page_number,lender
0,0,EverBank
1,1,LLC
2,2,Housing and Urban Development
3,3,Housing
4,4,"Housing and Urban
Development"
5,5,
6,6,
7,7,EverBank
8,8,EverBank
9,9,
10,10,INC
11,11,METLIFE BANK
12,12,EverBank
13,13,
14,14,"Housing and Urbar
Development"
15,15,EverBank
16,16,Housing and Urban Development
17,17,Housing
18,18,CONTINENTAL HOME-LOANS INC
19,19,
20,20,ACADEMY MORTGAGE
21,21,METLIFE BANK
22,22,Housing
23,23,METLIFE BANK
24,24,Housing and Urban Development
25,25,Housing
26,26,"Housing and Urban
Development"
27,27,EverBank
28,28,METLIFE BANK
29,29,
30,30,"Liberty Reverse Mortgage, Inc."
31,31,First Reverse Financial Services
32,32,WILMINGTON SAVINGS FUND SOCIETY
33,33,Housing and Urban Development
34,34,Housing and Urban Development
35,35,the Seoretary of Housing
36,36,Housing
37,37,METLIFE BANK
38,38,Housing
39,39,Housing and Urban Development
40,40,METLIFE BANK
41,41,
42,42,INC
43,43,INC
44,44,Housing and Urban Development
45,45,Housing
46,46,Housing
47,47,Housing and Urban Development
48,48,"Liberty Reverse Mortgage, Inc."
49,49,"the Sceretary of Housing and
Urban Development"
50,50,Four Hundred
51,51,Housing and Urban Development
52,52,
53,53,
54,54,
55,55,
56,56,
57,57,ACADEMY MORTGAGE LLC
58,58,Housing and Urben Development
59,59,EverBank
60,60,EverBank
61,61,Housing
62,62,Housing
63,63,
64,64,
65,65,METLIFE BANK
66,66,Texas Home Equity Conversion
67,67,ACADEMY MORTGAGE LLC
68,68,
69,69,EverBank
70,70,INC
71,71,"Liberty Reverse Mortgage, Inc."
72,72,Housing and Urban Development
73,73,
74,74,Housing and Urban Development
75,75,Housing and Urban Development
76,76,EverBank
77,77,EverBank
78,78,ACADEMY MORTGAGE
79,79,
80,80,
81,81,
82,82,Housing and Urban Development
83,83,Housing and Urban Development
84,84,INC
85,85,
86,86,Pacific Reverse Mortgage
87,87,AMERICAN HOME BANK
88,88,METLIFE BANK
89,89,METLIFE BANK
90,90,Housing and Urban Development
91,91,METLIFE BANK
92,92,Housing
93,93,
94,94,Housing
95,95,Housing and Urban Development
96,96,
97,97,ACADEMY MORTGAGE LLC
98,98,METLIFE BANK
99,99,Secreiary
100,100,Housing
101,101,
102,102,
103,103,EverBank
104,104,Pacific Reverse Mortgage
105,105,EverBank
106,106,Housing
107,107,METLIFE BANK
108,108,EverBank
109,109,
110,110,
111,111,
112,112,
113,113,METLIFE BANK
114,114,
115,115,Housing
116,116,Housing
117,117,Housing and Urban Development
118,118,
119,119,
120,120,Housing
121,121,
122,122,
123,123,
124,124,
125,125,Housing and Urban Development
126,126,AMERICAN HOME BANK
127,127,the SECRETARY OF HOUSING AND URBAN
128,128,
129,129,
130,130,EverBank
131,131,AMERICAN HOME BANK
132,132,WALUE FINANCIAL MORTGAGE SERVICES
133,133,"The Mortgage Network, Inc."
134,134,
135,135,Citizens Mortgage Corp.
136,136,Housing
137,137,
138,138,Liberty Reverse Mortgage Inc.
139,139,Housing and Urban Development
140,140,ExserBank
141,141,
142,142,PACIFIC REVERSE MORTGAGE
143,143,Housing
144,144,
145,145,METLIFE BANK
146,146,Lende
147,147,METLIFE BANK
148,148,
